10010	FAIL	(Cookie No HttpOnly Flag)
10011	FAIL	(Cookie Without Secure Flag)
10020	FAIL	(Missing Anti-clickjacking Header)
10021	FAIL	(X-Content-Type-Options Header Missing)
10023	FAIL	(Information Disclosure - Debug Error Messages)
10035	IGNORE	(Strict-Transport-Security - set at the TLS edge; the scan runs over HTTP)
10036	WARN	(Server Leaks Version Information)
10037	FAIL	(Server Leaks Information via X-Powered-By)
10038	FAIL	(Content Security Policy Header Not Set)
10049	WARN	(Storable and Cacheable Content)
10054	FAIL	(Cookie without SameSite Attribute)
10055	WARN	(CSP directive review)
10062	WARN	(PII Disclosure)
10096	WARN	(Timestamp Disclosure)
10098	FAIL	(Cross-Domain Misconfiguration)
10202	IGNORE	(Absence of Anti-CSRF Tokens - bearer-token API)
40012	FAIL	(Cross Site Scripting Reflected)
40014	FAIL	(Cross Site Scripting Persistent)
40018	FAIL	(SQL Injection)
40019	FAIL	(SQL Injection - MySQL)
40022	FAIL	(SQL Injection - PostgreSQL)
40024	FAIL	(SQL Injection - SQLite)
90019	FAIL	(Server Side Code Injection)
90020	FAIL	(Remote OS Command Injection)
90022	FAIL	(Application Error Disclosure)
90023	FAIL	(XML External Entity Attack)
